,DOB
0,11/13/2002
1,05/20/2001
2,06/14/2001
3,12/14/2001
4,02/24/2002
5,04/04/2001
6,06/04/2002
7,06/30/2003
8,07/25/2001
9,09/02/2002
10,10/20/2002
11,09/15/2004
12,08/01/2001
13,04/27/2004
14,11/18/2001
15,08/05/2001
16,06/12/2002
17,11/17/2002
18,11/20/2003
19,09/05/2001
20,10/29/2003
21,09/19/2000
22,04/06/2003
23,12/30/2003
24,05/18/2001
25,09/12/2001
26,09/14/2004
27,06/19/2000
28,03/27/2003
29,06/20/2001
30,10/05/2000
31,03/02/2000
32,08/09/2002
33,02/13/2001
34,01/22/2003
35,03/13/2002
36,10/15/2000
37,09/20/2001
38,06/12/2002
39,04/23/2000
40,12/07/2000
41,05/16/2001
42,09/22/2003
43,07/28/2002
44,03/09/2004
45,03/14/2002
46,09/16/2000
47,07/04/2002
48,09/18/2001
49,11/26/2003
50,03/08/2001
51,09/02/2003
52,07/31/2004
53,10/07/2002
54,07/07/2003
55,11/20/2000
56,07/18/2001
57,01/11/2002
58,09/13/2002
59,11/22/2001
60,11/23/2000
61,01/10/2001
62,12/05/2000
63,02/21/2000
64,09/09/2003
65,12/21/2001
66,08/07/2001
67,08/02/2004
68,11/07/2001
69,07/16/2004
70,10/01/2001
71,09/02/2001
72,10/10/2001
73,11/11/2001
74,06/23/2003
75,08/30/2003
76,05/13/2004
77,07/02/2002
78,10/28/2000
79,11/10/2002
80,10/08/1998
81,06/03/2003
82,09/02/2004
83,09/21/2001
84,10/31/2003
85,03/18/2000
86,09/21/2004
87,03/18/2004
88,11/19/2002
89,10/15/2002
90,10/09/2002
91,08/20/2003
92,08/17/2004
93,08/12/1999
94,10/27/2003
95,04/10/2002
96,07/09/2002
97,08/24/2001
98,11/24/2002
99,07/09/2002
100,09/19/2001
101,07/04/2002
102,01/12/2004
103,01/24/2003
104,09/12/2002
105,12/27/2003
106,03/19/2003
107,04/13/2004
108,02/02/2004
109,05/13/1999
110,10/04/2003
111,06/01/2001
112,06/02/2003
113,09/17/2003
114,03/19/2003
115,01/25/2002
116,05/15/2003
117,07/27/2000
118,06/16/2003
119,02/15/2004
120,11/14/2000
121,11/10/2002
122,06/09/2001
123,12/06/2001
124,09/08/2004
125,03/09/2004
126,05/10/2001
127,01/10/2001
128,03/11/2003
129,11/20/2003
130,12/20/2002
131,09/21/2000
132,05/25/2002
133,05/28/2003
134,10/26/2002
135,10/22/2000
136,07/21/2001
137,05/31/2003
138,09/26/2002
139,09/10/2001
140,04/29/2002
141,04/16/2001
142,05/02/2001
143,12/01/2002
144,10/10/2002
145,09/11/2003
146,10/12/2002
147,03/26/2001
148,08/10/2003
149,02/27/2000
150,09/30/2003
151,02/14/2002
152,12/07/2002
153,12/21/2001
154,05/29/2004
155,01/13/2001
156,08/17/2000
157,11/22/2004
158,07/26/2002
159,03/02/2004
160,08/14/2004
161,01/02/2002
162,04/19/2004
163,01/23/2002
164,06/01/2002
165,10/24/2001
166,08/09/2000
167,06/05/1999
168,03/17/2001
169,10/05/2000
170,07/28/2003
171,09/18/2003
172,02/28/2000
173,11/26/2000
174,03/07/2002
175,08/19/2001
176,11/18/2000
177,06/09/2003
178,03/13/2002
179,12/11/2002
180,06/04/2002
181,09/22/2003
182,05/19/2002
183,10/27/2000
184,05/18/2001
185,01/30/2001
186,05/26/2001
187,02/21/2002
188,10/14/2003
189,11/28/2001
190,06/28/2001
191,10/08/2003
192,08/25/2003
193,08/13/2002
194,07/23/2003
195,05/02/2002
196,03/20/2000
197,04/01/2002
198,12/08/2003
199,08/20/2002
200,10/01/2003
201,10/03/2000
202,08/29/2002
203,02/13/2001
204,03/13/2004
205,05/06/2003
206,08/12/2002
207,03/07/2001
208,02/09/2003
209,05/11/2001
210,01/10/2000
211,04/04/2001
212,08/06/2000
213,02/15/2001
214,07/08/2003
215,08/19/2002
216,12/17/2001
217,12/31/2000
218,10/08/2001
219,04/11/2003
220,07/30/2002
221,05/18/2003
222,12/08/2002
223,05/02/2003
224,10/26/2001
225,01/31/2003
226,02/19/2003
227,01/31/2002
228,05/05/2001
229,08/02/2002
230,02/06/2002
231,12/05/2001
232,03/08/2003
233,12/08/2000
234,11/29/2003
235,05/08/2003
236,06/19/2003
237,05/19/2002
238,07/13/2001
239,03/15/2001
240,03/14/2001
241,04/02/2000
242,12/13/2000
243,12/23/1999
244,02/13/2002
245,12/15/2003
246,11/13/2002
247,05/30/2004
248,07/20/2003
249,06/04/2001
250,11/20/2003
251,10/02/2001
252,12/30/2002
253,08/10/2004
254,05/01/2001
255,03/22/2004
256,03/15/2003
257,07/25/2001
258,10/11/2001
259,04/13/2003
260,02/18/2003
261,01/24/2001
262,11/21/2003
263,06/29/2001
264,06/26/2003
265,04/24/2001
266,09/08/2000
267,03/05/2003
268,03/25/2001
269,04/27/2001
270,11/09/2003
271,07/22/2003
272,03/10/2002
273,10/31/2000
274,07/01/2002
275,11/23/2001
276,12/03/2001
277,04/30/2002
278,02/04/2004
279,01/30/2001
280,04/18/2000
281,01/28/2002
282,08/08/2002
283,10/08/2001
284,05/08/2003
285,10/19/2001
286,09/15/2001
287,01/11/2002
288,05/24/2003
289,12/07/2001
290,12/28/2001
291,10/06/2002
292,03/28/2003
293,12/28/1998
294,03/02/2004
295,01/09/2001
296,06/25/2003
297,12/27/2003
298,09/16/2000
299,06/27/2001
300,12/28/2002
301,01/25/2001
302,11/27/2003
303,09/25/2000
304,07/29/2001
305,12/07/1999
306,05/27/2001
307,03/09/2002
308,02/21/2001
309,12/14/2001
310,12/01/2001
311,02/01/2002
312,08/05/2001
313,07/24/2001
314,12/17/2003
315,01/05/2002
316,10/20/2000
317,02/08/2004
318,11/09/2001
319,10/02/2003
320,07/03/2003
321,10/24/1999
322,10/11/2001
323,09/27/2000
324,04/09/2004
325,07/20/2002
326,05/12/2002
327,10/26/2001
328,08/15/2003
329,05/14/2002
330,10/13/2003
331,11/16/2003
332,02/27/2004
333,08/13/1999
334,04/23/2002
335,06/17/2004
336,04/26/2000
337,05/27/2000
338,05/10/2003
339,11/14/2003
340,05/23/2001
341,08/24/2003
342,01/29/2000
343,09/19/2000
344,07/15/2002
345,11/16/2002
346,04/21/2002
347,07/31/2003
348,11/16/2003
349,05/14/2004
350,12/28/2000
351,05/15/2002
352,12/04/2002
353,07/01/2003
354,04/19/2004
355,09/19/2002
356,03/21/2002
357,01/17/2002
358,06/20/2002
359,04/29/2002
360,10/03/2002
361,08/27/2002
362,10/09/2002
363,05/16/2004
364,08/10/2004
365,04/23/2003
366,09/14/2001
367,09/28/1999
368,04/02/2000
369,06/11/2001
370,01/24/2004
371,01/04/2003
372,12/03/2001
373,06/04/1999
374,08/21/2001
375,12/09/2001
376,07/27/2004
377,12/20/2003
378,03/17/2000
379,03/03/2001
380,01/23/1999
381,09/24/1999
382,05/24/2004
383,02/26/2001
384,08/22/2003
385,10/08/2002
386,08/22/2001
387,06/16/2001
388,01/13/2002
389,08/08/2003
390,09/20/2002
391,03/21/2003
392,12/09/2001
393,02/07/2002
394,11/12/2004
395,12/25/2002
396,10/12/2002
397,07/31/2000
398,01/27/2004
399,10/09/2003
400,01/25/2001
401,12/13/2002
402,04/07/2000
403,04/03/2000
404,08/09/2000
405,10/15/2004
406,03/04/2004
407,05/01/2002
408,03/16/2003
409,03/09/2004
410,10/01/2002
411,02/15/2004
412,12/18/2003
413,06/23/2004
414,05/26/2002
415,08/11/1999
416,05/28/2001
417,09/29/2004
418,06/08/2004
419,06/29/2000
420,10/03/1997
421,10/16/2001
422,05/22/2000
423,07/26/2002
424,06/17/2000
425,04/08/2003
426,12/25/2000
427,08/30/1999
428,06/05/2001
429,04/25/2002
430,11/13/2000
431,02/05/2002
432,04/03/2004
433,01/06/2000
434,11/21/2003
435,03/31/2002
436,07/09/2001
437,02/14/2000
438,10/27/2000
439,09/16/2003
440,12/08/2003
441,11/08/2002
442,03/08/2004
443,11/14/2000
444,04/08/2004
445,11/26/2000
446,03/24/2003
447,05/08/2003
448,02/21/2002
449,04/24/2002
450,04/02/2002
451,04/27/2004
452,07/02/2001
453,06/01/2002
454,02/26/2004
455,12/18/2000
456,12/08/2000
457,05/30/2002
458,02/03/2002
459,12/06/2001
460,10/10/2001
461,01/28/2004
462,09/15/2001
463,08/23/2002
464,07/27/2003
465,06/11/2001
466,10/04/2000
467,04/15/2001
468,05/02/2001
469,09/12/2001
470,06/11/2002
471,07/31/2003
472,01/31/2002
473,04/11/2002
474,05/24/2003
475,04/02/2000
476,10/17/2000
477,03/05/2000
478,01/23/2002
479,09/06/2000
480,11/06/2003
481,08/24/2001
482,05/24/2002
483,01/12/2004
484,09/01/2000
485,08/12/2000
486,08/16/2004
487,11/12/1999
488,10/04/2001
489,10/15/2002
490,10/02/2003
491,07/08/2004
492,05/20/2003
493,12/20/2003
494,06/24/2002
495,12/27/2000
496,07/21/2004
497,02/17/2002
498,03/23/2001
499,08/24/2004
500,11/11/2003
501,11/16/2000
502,04/11/2000
503,03/01/2001
504,11/30/2002
505,01/04/2002
506,06/12/2003
507,11/25/2002
508,01/26/2001
509,01/24/2003
510,02/04/2003
511,05/28/2004
512,06/03/2003
513,09/01/2004
514,03/11/2004
515,03/30/2004
516,07/19/2003
517,07/31/2004
518,02/06/2001
519,04/28/2004
520,08/04/2003
521,09/24/2004
522,07/23/2003
523,08/15/2001
524,02/07/2003
525,04/07/2002
526,09/13/2004
527,01/29/1999
528,06/18/2002
529,12/08/2000
530,06/05/2001
531,03/05/2003
532,06/19/2003
533,05/21/2000
534,02/03/2005
535,06/08/2002
536,10/30/2000
537,09/27/2001
538,09/04/2000
539,05/14/2003
540,12/26/2003
541,02/27/2002
542,05/20/2000
543,11/01/2000
544,01/05/2001
545,08/14/2002
546,03/04/2000
547,05/29/2003
548,12/21/2002
549,12/29/2000
550,07/28/2004
551,09/14/1998
552,07/29/2000
553,01/15/2000
554,04/05/2004
555,05/19/2003
556,11/26/2002
557,01/09/2003
558,03/05/2001
559,12/31/2000
560,06/29/2001
561,02/23/2003
562,05/18/2003
563,04/13/2002
564,03/07/2003
565,12/17/2003
566,12/02/2003
567,08/21/2002
568,05/14/2000
569,09/08/2003
570,03/14/2001
571,06/20/2003
572,05/27/2002
573,06/24/2004
574,05/16/2003
575,11/06/2002
576,06/02/2002
577,06/21/2002
578,11/26/2000
579,06/07/2000
580,10/04/2002
581,09/03/2004
582,08/09/2000
583,02/09/2002
584,04/11/2004
585,09/12/2002
586,01/19/2001
587,01/15/2001
588,10/12/2001
589,11/24/2004
590,11/17/2001
591,01/02/2004
592,08/11/2002
593,08/16/2002
594,04/26/2001
595,10/20/2001
596,11/16/2001
597,01/30/2001
598,08/31/2002
599,09/21/2002
600,05/14/2004
601,02/27/2003
602,05/01/2002
603,04/08/2004
604,05/21/2002
605,01/07/2003
606,08/12/2003
607,02/17/2004
608,03/07/2003
609,11/05/2001
610,10/17/2001
611,12/14/2001
612,09/27/2003
613,12/10/2001
614,09/02/2003
615,01/06/2001
616,12/02/2002
617,07/18/2001
618,03/20/2004
619,10/20/2000
620,02/14/2000
621,04/04/2003
622,01/22/1999
623,11/18/2000
624,10/27/2000
625,02/04/2004
626,09/14/2003
627,08/24/2001
628,10/11/2002
629,05/30/2001
630,08/23/2004
631,04/26/2001
632,04/06/2000
633,04/16/2001
634,04/01/2001
635,08/26/2003
636,12/12/2001
637,12/15/2000
638,07/16/2000
639,11/30/2001
640,05/12/2002
641,10/27/2002
642,05/15/2003
643,11/07/2002
644,11/08/2000
645,04/02/2001
646,07/10/2002
647,10/24/2002
648,11/27/2000
649,01/30/2001
650,02/20/2004
651,03/31/2003
652,07/16/2001
653,11/12/2002
654,10/03/2000
655,10/30/2003
656,11/18/1999
657,05/21/2004
658,12/01/1999
659,02/07/2002
660,02/25/2001
661,10/14/2004
662,04/15/2003
663,11/26/2001
664,02/25/2002
665,04/16/2000
666,11/22/2000
667,11/21/2000
668,02/10/2001
669,09/30/2002
670,06/26/2002
671,11/27/2001
672,11/30/2001
673,08/02/2001
674,04/17/2002
675,11/30/2002
676,02/07/2002
677,02/20/2001
678,07/04/2003
679,05/03/2001
680,02/07/2004
681,08/01/2002
682,01/17/2002
683,10/03/1999
684,08/26/2004
685,10/11/2001
686,04/02/2001
687,11/14/2003
688,02/20/2003
689,02/09/2002
690,03/26/2001
691,07/03/2004
692,01/14/2003
693,07/24/2004
694,01/22/2001
695,10/17/2001
696,04/20/2003
697,12/21/1999
698,09/23/2002
699,10/02/2002
700,02/28/2003
701,08/18/2004
702,02/23/2000
703,08/27/2001
704,12/10/2000
705,04/17/2003
706,07/15/2002
707,08/14/2003
708,09/07/2000
709,11/01/2000
710,11/09/2000
711,05/21/2000
712,05/13/2002
713,10/03/2001
714,10/10/1999
715,09/07/2002
716,08/30/2002
717,04/05/2002
718,11/10/2000
719,03/23/2000
720,03/18/2002
721,01/31/2000
722,04/17/2001
723,04/21/2004
724,10/04/2001
725,01/16/2004
726,07/27/2003
727,07/06/2001
728,04/07/2002
729,06/04/2002
730,08/16/2003
731,07/01/2003
732,10/11/2000
733,01/28/2002
734,02/18/2003
735,07/22/2001
736,09/18/2003
737,06/19/2004
738,10/29/1999
739,11/13/2001
740,06/18/2003
741,07/22/2003
742,01/04/2001
743,07/01/2004
744,07/02/2003
745,03/19/2002
746,02/05/2002
747,11/18/2003
748,05/14/2004
749,09/26/2004
750,07/02/2001
751,08/15/2003
752,10/30/2002
753,01/26/2002
754,01/31/2001
755,07/09/2001
756,05/13/2002
757,10/18/2002
758,11/28/2002
759,01/20/2003
760,09/02/2002
761,07/11/2003
762,11/14/2001
763,03/10/2004
764,07/14/2003
765,04/28/1999
766,05/18/2004
767,03/15/2002
768,07/03/2001
769,01/10/2004
770,10/07/2001
771,07/15/2000
772,02/17/2004
773,03/09/2004
774,11/21/2000
775,12/23/2001
776,06/05/2003
777,04/25/2001
778,03/10/2001
779,07/12/2003
780,06/12/2004
781,05/16/2001
782,10/03/2004
783,01/21/2002
784,10/15/2002
785,06/04/2001
786,02/11/2002
787,03/21/2001
788,07/19/2003
789,03/01/2001
790,07/19/2002
791,04/15/2005
792,08/19/2004
793,09/04/2001
794,04/09/2003
795,09/30/2004
796,03/26/2001
797,10/19/2001
798,07/26/2002
799,10/11/2000
800,01/27/2004
801,02/04/2003
802,10/15/2000
803,02/16/2003
804,10/27/1999
805,11/18/2003
806,04/12/2001
807,02/13/2000
808,08/01/2003
809,11/07/2000
810,08/14/2001
811,08/02/2002
812,04/26/2001
813,09/12/2000
814,08/30/2002
815,12/23/2001
816,06/17/2004
817,03/21/2002
818,07/24/2001
819,07/22/2002
820,12/16/2000
821,05/08/2001
822,09/17/2002
823,11/03/2000
824,02/05/2001
825,09/02/2004
826,03/08/2001
827,04/01/2003
828,02/27/2002
829,05/27/2004
830,06/16/2001
831,06/13/2001
832,03/09/2004
833,03/13/2004
834,11/21/2001
835,10/06/2003
836,03/28/2002
837,03/13/2003
838,06/29/2000
839,10/13/1999
840,04/02/2004
841,05/07/2002
842,03/13/2001
843,03/22/2000
844,05/07/2001
845,03/13/2002
846,02/10/2003
847,01/30/2003
848,10/22/2000
849,06/26/2001
850,03/19/2002
851,10/06/2001
852,03/16/2004
853,03/07/2002
854,07/04/2001
855,11/12/2002
856,07/30/2004
857,09/18/2001
858,02/25/1998
859,10/02/2003
860,10/18/2002
861,12/22/2002
862,02/22/2001
863,05/31/2002
864,01/19/2002
865,12/05/2002
866,04/06/2003
867,10/17/2001
868,09/14/2000
869,10/18/2001
870,11/11/2002
871,06/28/2004
872,03/19/2002
873,09/08/2000
874,07/26/2001
875,06/23/2001
876,09/14/2004
877,04/05/2004
878,10/08/2001
879,10/09/2000
880,03/30/2003
881,10/03/2001
882,09/27/2000
883,02/26/2004
884,03/28/2000
885,07/06/2000
886,03/01/2002
887,07/23/2002
888,11/05/1999
889,06/22/2004
890,09/12/2002
891,04/17/2003
892,11/19/2002
893,06/23/2002
894,02/22/2003
895,05/28/2003
896,01/25/2000
897,10/15/2000
898,06/02/2001
899,04/06/2002
900,03/10/2003
901,10/25/2003
902,01/10/2003
903,11/05/2002
904,04/27/2004
905,03/12/2003
906,12/30/2000
907,02/22/1999
908,07/07/2004
909,06/30/2002
910,07/26/2003
911,05/24/2000
912,06/04/2002
913,03/19/2001
914,08/01/2003
915,12/24/2003
916,04/14/2002
917,06/06/2003
918,10/07/2001
919,09/16/2002
920,10/24/2000
921,08/04/2003
922,06/18/2003
923,05/23/2000
924,01/03/2002
925,07/05/2002
926,08/11/2000
927,06/18/2003
928,09/09/2000
929,11/12/2002
930,05/31/2001
931,10/06/2001
932,03/10/2003
933,02/26/2002
934,06/15/2001
935,05/04/2003
936,03/15/2003
937,02/11/2004
938,06/09/2003
939,08/21/2002
940,07/03/2003
941,11/28/2001
942,04/26/2002
943,05/04/2002
944,11/23/2002
945,11/15/2000
946,10/19/2000
947,11/25/2000
948,02/18/2000
949,10/03/2001
950,07/21/2002
951,10/12/2003
952,05/22/2001
953,11/23/2001
954,06/25/2004
955,07/09/2004
956,07/07/2002
957,07/02/2002
958,02/06/2004
959,12/20/2000
960,05/10/2002
961,01/12/2001
962,08/26/2004
963,10/25/2002
964,04/05/2002
965,04/09/2002
966,04/05/2002
967,12/18/2002
968,05/07/2001
969,12/26/2001
970,01/10/2001
971,08/24/2004
972,04/01/2002
973,04/11/2003
974,07/23/2003
975,11/10/2002
976,12/22/2002
977,05/14/2004
978,03/07/2001
979,08/31/2004
980,11/11/2002
981,07/22/2001
982,09/07/2003
983,10/18/2002
984,03/04/2001
985,01/27/2000
986,03/27/2002
987,05/24/2002
988,03/19/2000
989,10/23/2003
990,06/25/2003
991,04/09/2002
992,07/26/2000
993,06/23/2004
994,05/06/2003
995,02/26/2003
996,08/22/2004
997,07/27/2003
998,03/25/2002
999,09/07/2004
1000,11/19/2001
1001,01/12/2002
1002,06/17/2001
1003,03/06/2002
1004,04/30/2003
1005,12/26/2003
1006,11/06/2003
1007,12/27/2003
1008,03/20/2004
1009,04/08/2002
1010,02/19/2004
1011,04/18/2000
1012,02/11/2001
1013,11/15/2001
1014,01/03/2000
1015,05/03/2003
1016,07/22/2005
1017,02/07/2003
1018,12/12/2001
1019,04/02/2004
1020,01/21/2001
1021,08/28/2004
1022,05/29/2004
1023,07/31/2001
1024,08/29/2003
1025,06/12/2001
1026,07/17/2000
1027,08/10/2003
1028,12/23/2001
1029,09/19/2003
1030,11/16/2001
1031,11/07/2003
1032,09/04/2002
1033,09/13/2002
1034,02/08/2003
1035,02/26/2004
1036,11/12/2004
1037,11/25/2002
1038,03/24/2001
1039,02/04/2003
1040,07/14/2003
1041,03/31/2003
1042,04/23/2004
1043,01/12/2001
1044,03/26/2001
1045,07/27/2001
1046,07/23/2001
1047,01/28/2003
1048,06/25/2001
1049,01/20/2002
1050,12/23/2001
1051,07/13/1999
1052,02/22/2002
1053,09/24/2002
1054,02/22/2002
1055,02/18/2002
1056,12/09/2001
1057,08/17/2000
1058,07/24/2002
1059,10/11/2004
1060,07/29/2003
1061,04/14/2002
1062,04/30/2002
1063,11/04/2001
1064,04/24/2002
1065,11/20/1999
1066,04/28/2001
1067,11/22/2000
1068,06/19/2000
1069,03/03/2001
1070,07/11/2001
1071,10/09/2000
1072,12/10/2001
1073,07/12/2001
1074,04/09/2001
1075,06/11/2001
1076,09/24/2003
1077,05/17/2003
1078,04/02/2004
1079,08/19/2001
1080,12/19/2002
1081,06/26/2001
1082,03/05/2001
1083,07/08/2004
1084,11/27/2002
1085,09/03/2002
1086,01/21/2003
1087,10/17/2003
1088,03/29/2001
1089,05/01/2003
1090,09/11/2000
1091,10/12/2001
1092,07/30/2003
1093,05/23/2003
1094,06/01/2002
1095,03/05/2001
1096,07/16/2004
1097,06/25/2003
1098,07/24/2002
1099,09/05/2002
1100,07/04/2002
1101,01/24/2002
1102,11/03/2003
1103,02/12/2001
1104,04/22/2001
1105,10/14/2001
1106,04/21/2002
1107,01/23/2000
1108,07/17/2000
1109,01/24/2003
1110,11/15/2004
1111,10/29/2001
1112,06/22/2004
1113,11/13/2000
1114,03/05/2004
1115,06/09/1999
1116,09/22/2003
1117,08/11/2002
1118,12/29/2002
1119,08/13/2001
1120,03/30/2003
1121,03/30/2002
1122,02/25/2003
1123,05/16/2004
1124,04/26/2001
1125,04/03/2002
1126,05/08/2002
1127,01/05/2001
1128,01/10/2000
1129,06/01/2004
1130,08/11/2002
1131,01/29/2002
1132,12/08/2001
1133,12/06/2002
1134,11/20/2000
1135,12/13/2002
1136,02/25/2002
1137,11/26/2001
1138,05/24/2002
1139,05/12/2001
1140,06/10/2002
1141,11/26/2001
1142,02/06/2001
1143,10/09/2000
1144,10/01/2002
1145,06/20/2003
1146,06/28/2000
1147,06/01/2000
1148,02/26/2004
1149,01/14/2003
1150,09/06/2004
1151,11/28/2001
1152,11/03/2001
1153,09/21/2001
1154,10/21/2002
1155,06/14/2001
1156,02/26/2003
1157,07/05/2002
1158,03/29/2000
1159,08/23/2002
1160,09/21/2002
1161,12/29/2002
1162,05/29/2001
1163,09/03/2004
1164,07/25/2003
1165,01/08/2002
1166,02/22/2004
1167,02/13/2002
1168,08/29/2002
1169,11/16/2003
1170,10/24/2001
1171,05/17/2001
1172,07/30/2001
1173,01/13/2004
1174,09/30/2003
1175,02/16/2002
1176,09/18/2001
1177,09/07/2001
1178,05/17/2001
1179,09/11/2001
1180,03/08/2004
1181,04/29/2004
1182,11/27/2002
1183,02/12/2001
1184,04/25/2001
1185,04/07/2003
1186,04/28/2000
1187,03/30/2003
1188,04/25/2001
1189,02/02/2001
1190,02/17/2003
1191,09/12/2001
1192,01/12/2003
1193,11/11/2001
1194,04/10/2002
1195,01/10/2004
1196,04/17/2000
1197,05/29/2002
1198,03/21/2002
1199,08/06/2003
1200,06/10/2004
1201,02/28/2003
1202,05/07/2003
1203,10/21/2004
1204,12/14/2001
1205,03/24/2003
1206,09/24/2000
1207,05/17/2001
1208,07/31/2003
1209,07/16/2004
1210,11/18/2003
1211,08/23/2004
1212,04/19/2000
1213,04/18/2001
1214,05/30/1999
1215,05/25/2003
1216,12/03/2001
1217,07/23/2001
1218,06/27/2002
1219,10/20/2001
1220,12/24/2003
1221,05/07/2002
1222,04/17/2001
1223,08/22/2003
1224,01/11/2002
1225,05/18/2001
1226,06/28/2001
1227,05/10/2003
1228,02/01/2001
1229,05/10/2003
1230,04/06/2000
1231,04/05/1998
1232,10/04/2001
1233,05/30/2003
1234,04/24/2000
1235,07/28/2003
1236,07/06/2002
1237,11/29/2000
1238,07/22/1999
1239,10/02/2003
1240,11/05/2003
1241,01/31/2002
1242,09/25/2001
1243,03/10/2003
1244,03/22/2001
1245,08/25/2004
1246,05/27/2003
1247,08/24/2003
1248,03/28/2003
1249,10/10/2000
1250,05/12/2003
1251,12/16/2000
1252,11/14/2003
1253,11/15/2003
1254,09/22/1999
1255,11/02/1998
1256,01/17/2002
1257,12/14/2001
1258,09/03/2004
1259,02/24/2003
1260,06/18/2001
1261,11/20/2003
1262,09/03/2001
1263,07/31/2002
1264,01/24/2004
1265,11/13/2001
1266,09/10/2004
1267,04/11/2002
1268,04/11/2004
1269,08/08/2004
1270,12/27/2000
1271,12/13/2002
1272,01/03/2001
1273,09/17/2003
1274,10/25/2003
1275,11/13/2001
1276,01/25/2003
1277,09/17/2002
1278,11/22/2003
1279,07/11/2001
1280,03/10/2002
1281,03/12/2001
1282,09/02/2000
1283,11/24/2000
1284,01/18/2003
1285,09/26/2002
1286,06/15/2004
1287,09/03/2001
1288,03/18/2003
1289,04/10/2003
1290,07/22/2001
1291,12/30/2003
1292,05/16/2000
1293,03/11/2001
1294,12/05/2002
1295,07/01/2001
1296,03/02/2003
1297,07/29/2003
1298,03/03/2000
1299,10/24/2002
1300,10/20/2001
1301,10/25/2001
1302,07/22/2003
1303,08/28/2002
1304,10/09/2001
1305,07/29/2000
1306,12/11/2001
1307,08/23/2002
1308,07/03/2002
1309,11/16/2000
1310,06/01/2001
1311,06/11/2001
1312,01/30/2001
1313,09/23/2003
1314,12/12/2002
1315,12/06/2003
1316,12/09/2001
1317,07/17/2001
1318,12/23/2003
1319,06/24/2003
1320,08/24/2004
1321,04/07/2001
1322,12/18/2001
1323,04/26/2001
1324,07/05/2002
1325,05/06/2003
1326,09/11/2001
1327,01/02/2004
1328,12/12/2003
1329,03/28/2002
1330,01/24/2004
1331,11/07/2003
1332,08/24/1999
1333,11/17/2003
1334,09/21/2002
1335,03/26/2004
1336,11/16/1999
1337,04/07/2001
1338,12/10/2002
1339,04/18/2002
1340,10/25/2001
1341,09/07/2003
1342,06/28/2001
1343,11/20/2003
1344,05/05/2002
1345,05/10/2002
1346,07/17/2002
1347,07/14/2001
1348,12/30/1999
1349,05/29/2003
1350,09/07/2001
1351,01/24/2002
1352,05/06/2001
1353,11/20/2002
1354,10/13/2000
1355,09/08/2001
1356,11/18/1999
1357,12/12/2001
1358,04/09/2002
1359,01/13/2001
1360,02/05/2004
1361,02/10/2004
1362,10/09/2002
1363,05/13/1999
1364,10/26/2004
1365,08/15/2001
1366,11/01/2000
1367,08/22/2004
1368,12/19/2000
1369,03/24/2004
1370,08/21/2003
1371,11/07/2001
1372,01/08/2002
1373,08/18/2002
1374,09/05/2002
1375,08/07/2001
1376,12/11/2001
1377,02/03/2001
1378,12/31/2000
1379,12/05/2002
1380,07/25/2001
1381,10/18/2003
1382,03/30/2002
1383,07/02/2003
1384,12/08/2002
1385,12/25/2001
1386,10/16/1999
1387,11/10/2002
1388,09/04/2003
1389,11/02/2004
1390,10/18/2002
1391,10/25/2002
1392,09/19/2000
1393,06/28/2004
1394,01/08/2002
1395,12/15/2001
1396,06/06/2001
1397,03/07/2003
1398,10/04/2002
1399,03/04/2002
1400,03/11/2002
1401,11/24/2001
1402,04/09/2002
1403,01/16/2002
1404,04/13/2001
1405,07/14/2004
1406,07/10/2000
1407,08/01/2002
1408,09/07/2000
1409,03/12/2004
1410,10/21/2004
1411,11/08/2004
1412,01/11/2001
1413,08/29/2001
1414,02/26/2003
1415,08/23/2002
1416,02/01/2003
1417,03/24/2001
1418,09/10/2003
1419,12/21/2002
1420,04/10/2002
1421,01/18/2003
1422,09/21/2004
1423,09/18/2002
1424,01/22/2003
1425,01/25/2003
1426,10/30/2000
1427,02/27/2003
1428,02/10/2003
1429,06/17/2003
1430,08/01/2003
1431,07/28/2001
1432,05/07/2003
1433,06/15/2000
1434,12/14/2000
1435,04/21/2003
1436,07/25/2003
1437,04/19/2002
1438,05/24/2004
1439,03/05/2002
1440,01/18/2004
1441,09/15/2001
1442,05/01/2002
1443,12/23/2003
1444,11/20/2003
1445,07/20/2003
1446,06/17/2004
1447,07/04/2002
1448,02/05/2002
1449,05/17/2001
1450,05/30/2004
1451,06/27/2004
1452,10/27/2001
1453,11/08/2002
1454,02/23/2000
1455,03/06/2002
1456,11/13/2000
1457,07/29/2000
1458,05/02/2001
1459,06/20/2003
1460,04/03/2003
1461,12/22/2003
1462,11/18/2004
1463,11/28/1999
1464,11/25/2002
1465,06/20/2002
1466,05/01/2003
1467,03/10/2002
1468,09/02/1998
1469,05/28/2002
1470,10/15/1997
1471,08/17/2001
1472,05/27/2002
1473,07/13/2002
1474,07/29/2002
1475,07/24/2002
1476,06/05/2002
1477,04/09/2003
1478,09/01/1999
1479,01/04/2001
1480,12/29/2000
1481,05/19/2003
1482,06/02/2003
1483,07/22/2003
1484,02/18/2004
1485,11/16/2000
1486,08/23/2004
1487,07/24/2002
1488,02/08/2004
1489,01/27/2003
1490,07/28/2002
1491,09/22/2002
1492,09/22/2000
1493,04/01/2002
1494,12/26/2001
1495,07/11/2002
1496,10/19/2000
1497,02/16/2001
1498,08/19/2003
1499,12/31/2001
1500,10/31/2001
1501,10/05/2002
1502,01/25/2001
1503,12/30/2002
1504,08/18/2003
1505,02/04/2004
1506,12/19/2001
1507,12/26/2002
1508,08/07/2001
1509,04/29/2004
1510,08/01/2004
1511,09/07/2001
1512,12/19/2002
1513,02/25/2001
1514,09/16/2003
1515,08/09/2004
1516,11/12/2002
1517,05/24/2002
1518,09/08/2001
1519,08/06/2001
1520,04/20/2002
1521,03/15/2001
1522,04/24/1999
1523,02/10/2002
1524,10/07/2000
1525,06/25/2003
1526,01/05/2004
1527,11/20/2002
1528,05/05/2004
1529,08/02/2001
1530,09/29/2001
1531,05/24/2001
1532,08/14/2001
1533,04/16/2002
1534,08/28/2003
1535,10/22/2001
1536,09/29/2000
1537,01/21/2003
1538,02/03/2002
1539,03/22/2002
1540,08/25/2003
1541,07/10/2002
1542,07/25/2003
1543,05/31/2004
1544,02/26/2004
1545,06/05/2002
1546,01/12/2002
1547,03/21/2003
1548,12/10/2001
1549,08/17/2001
1550,01/16/2004
1551,04/09/2002
1552,10/14/2001
1553,12/06/2001
1554,09/23/2002
1555,12/28/2001
1556,11/05/2001
1557,09/20/2002
1558,08/05/2004
1559,06/27/2001
1560,09/24/2001
1561,04/23/2001
1562,07/31/2001
1563,12/01/2003
1564,11/06/2003
1565,10/01/2002
1566,04/21/2002
1567,04/14/2003
1568,10/20/2000
1569,12/30/2001
1570,07/06/2001
1571,05/11/2001
1572,02/22/2001
1573,06/29/2001
1574,07/26/2001
1575,07/16/2001
1576,03/04/2003
1577,05/16/2002
1578,02/07/2001
1579,03/21/2002
1580,09/30/2004
1581,11/08/2000
1582,09/27/2001
1583,11/19/2001
1584,05/19/2003
1585,06/16/2002
1586,05/21/2003
1587,10/09/2000
1588,05/03/2001
1589,04/29/2004
1590,03/14/2004
1591,01/05/2002
1592,07/26/2004
1593,12/13/2003
1594,11/01/2002
1595,04/24/2002
1596,04/23/2004
1597,09/05/2003
1598,06/09/2002
1599,10/11/2003
1600,05/04/2002
1601,03/27/2001
1602,04/02/2003
1603,06/28/2002
1604,07/16/2004
1605,02/12/2004
1606,11/01/2003
1607,07/15/2003
1608,07/01/2000
1609,01/22/2002
1610,09/07/2001
1611,06/25/2001
1612,04/15/2001
1613,09/19/2003
1614,10/31/2003
1615,08/18/2004
1616,01/10/2001
1617,10/30/2001
1618,02/19/2003
1619,08/31/2003
1620,02/27/2002
1621,05/27/2004
1622,03/02/2003
1623,08/14/2002
1624,01/12/2000
1625,10/20/2000
1626,06/04/2000
1627,09/09/2004
1628,07/23/2001
1629,10/10/2003
1630,08/16/2001
1631,08/17/2001
1632,05/17/2002
1633,09/16/2001
1634,04/24/2003
1635,03/01/2004
1636,08/12/2001
1637,06/13/2002
1638,05/09/2002
1639,07/24/2003
1640,09/17/2001
1641,06/11/2003
1642,08/24/2003
1643,02/10/2003
1644,08/31/2001
1645,09/06/2001
1646,04/29/2002
1647,10/22/2002
1648,02/27/2001
1649,11/21/2003
1650,06/18/2001
1651,03/31/2003
1652,04/06/2002
1653,07/13/2001
1654,09/30/2002
1655,06/04/2002
1656,02/20/2003
1657,01/17/2002
1658,02/08/2001
1659,12/06/2001
1660,03/16/2004
1661,03/26/2002
1662,10/03/2001
1663,05/03/2002
1664,05/13/2004
1665,10/02/2000
1666,07/21/2001
1667,02/22/2002
1668,01/03/2003
1669,02/08/2000
1670,03/17/2003
1671,12/01/2002
1672,09/28/2003
1673,03/11/2001
1674,12/27/2001
1675,09/18/2004
1676,12/08/2000
1677,06/13/2001
1678,02/28/2002
1679,01/04/2003
1680,04/08/1998
1681,07/10/2003
1682,08/07/2001
1683,08/14/2003
1684,03/26/2004
1685,03/18/2003
1686,01/14/2004
1687,05/26/2003
1688,11/04/2002
1689,01/21/2003
1690,03/26/2004
1691,06/08/2000
1692,09/27/2000
1693,04/10/2003
1694,12/15/2001
1695,03/14/2002
1696,10/07/2000
1697,01/28/2003
1698,06/30/2003
1699,05/03/2003
1700,04/20/2003
1701,05/08/2000
1702,11/03/1999
1703,01/17/2002
1704,11/25/2003
1705,03/25/2003
1706,01/01/2001
1707,07/27/2003
1708,10/06/2002
1709,07/10/2003
1710,06/06/2004
1711,06/07/2002
1712,01/08/2004
1713,09/01/2004
1714,01/04/2001
1715,12/14/2003
1716,09/01/2001
1717,04/21/2004
1718,10/01/2000
1719,11/04/2002
1720,05/09/2002
1721,11/09/2003
1722,09/23/2001
1723,05/17/2001
1724,06/18/2002
1725,09/04/2001
1726,05/21/2004
1727,05/14/2003
1728,07/30/2000
1729,12/21/2000
1730,07/02/1999
1731,03/22/2003
1732,07/22/2005
1733,01/01/2002
1734,10/04/2001
1735,10/03/2002
1736,11/13/2001
1737,12/15/2000
1738,08/01/2004
1739,05/30/2002
1740,03/17/2000
1741,05/20/2004
1742,04/07/2001
1743,06/07/2001
1744,07/13/2000
1745,06/24/2001
1746,09/20/2001
1747,12/02/2002
1748,06/13/2003
1749,11/06/2002
1750,03/31/2003
1751,07/22/2001
1752,04/19/2003
1753,04/02/2002
1754,03/12/2000
1755,09/25/2003
1756,05/25/2001
1757,03/17/2001
1758,07/07/2003
1759,06/21/2002
1760,06/14/2002
1761,11/14/2003
1762,08/26/2002
1763,02/27/2003
1764,02/23/2004
1765,01/13/2001
1766,03/07/2003
1767,07/11/2002
1768,07/04/2002
1769,01/19/2004
1770,08/31/2004
1771,10/19/2001
1772,05/25/2001
1773,12/07/2001
1774,08/16/2001
1775,05/22/2001
1776,07/31/2003
1777,08/10/2004
1778,02/12/2004
1779,01/30/2001
1780,05/20/2002
1781,11/17/2001
1782,03/17/2002
1783,12/06/2003
1784,04/04/2002
1785,11/09/2001
1786,07/24/2004
1787,03/15/2001
1788,02/24/2001
1789,02/20/2003
1790,09/12/1999
1791,03/27/2001
1792,04/12/2001
1793,09/26/2001
1794,03/25/2004
1795,12/11/2001
1796,06/22/2001
1797,12/22/2000
1798,12/24/1999
1799,04/28/2003
1800,05/25/2002
1801,01/12/2002
1802,03/07/2004
1803,08/17/2002
1804,09/25/2002
1805,11/02/2000
1806,06/22/2004
1807,05/14/2002
1808,02/03/2001
1809,01/18/2003
1810,04/27/1999
1811,09/20/2004
1812,05/02/2001
1813,09/29/2001
1814,01/21/2002
1815,04/15/2003
1816,08/07/2002
1817,09/13/2001
1818,07/11/2003
1819,09/10/1998
1820,07/01/2003
1821,07/03/2001
1822,03/12/2001
1823,11/18/2003
1824,08/29/2001
1825,09/11/2003
1826,12/06/2000
1827,01/31/2004
1828,07/04/2000
1829,10/08/2003
1830,12/19/2000
1831,10/16/2000
1832,08/18/2003
1833,01/10/2002
1834,11/16/2001
1835,12/24/2002
1836,01/04/2003
1837,01/13/2004
1838,10/27/1998
1839,07/21/2003
1840,10/16/2001
1841,04/02/2000
1842,10/29/2002
1843,12/01/2001
1844,07/27/2002
1845,03/22/2002
1846,07/19/2004
1847,12/24/2002
1848,08/02/2001
1849,01/22/2004
1850,09/11/2001
1851,03/17/2001
1852,08/18/2003
1853,07/23/2002
1854,05/29/2004
1855,12/11/2001
1856,03/02/2001
1857,01/18/2002
1858,04/26/2000
1859,09/25/2003
1860,08/05/2004
1861,06/23/2000
1862,01/31/2001
1863,11/16/2002
1864,07/10/2002
1865,07/17/2002
1866,07/17/2002
1867,01/15/2004
1868,06/14/2002
1869,07/18/2002
1870,04/22/2004
1871,01/15/2002
1872,02/11/2002
1873,10/31/2003
1874,06/12/2002
1875,12/17/2001
1876,02/25/2004
1877,04/30/2004
1878,02/13/2002
1879,07/29/2002
1880,03/22/2003
1881,09/03/2003
1882,12/08/2003
1883,07/22/2002
1884,03/17/2002
1885,10/29/2003
1886,05/16/2001
1887,02/22/2000
1888,06/25/2003
1889,11/01/2000
1890,09/07/2002
1891,06/11/2001
1892,09/25/2003
1893,11/14/2000
1894,08/28/2003
1895,01/01/2003
1896,02/16/2002
1897,12/06/2002
1898,06/23/2001
1899,03/24/2001
1900,08/23/2000
1901,01/04/2003
1902,10/22/2002
1903,01/15/2003
1904,01/28/2002
1905,08/15/2002
1906,05/19/2003
1907,12/10/2001
1908,02/07/2004
1909,03/13/2004
1910,02/06/2003
1911,08/01/2003
1912,12/22/2000
1913,06/30/2003
1914,12/24/2001
1915,06/17/2002
1916,04/20/2004
1917,10/06/2000
1918,05/20/2001
1919,06/22/2000
1920,09/04/2002
1921,05/19/2002
1922,11/28/2000
1923,08/25/2002
1924,05/13/2002
1925,11/18/2003
1926,03/12/2004
1927,12/29/2003
1928,03/30/2001
1929,12/28/2002
1930,04/01/2003
1931,06/08/2002
1932,07/27/2002
1933,11/03/2003
1934,10/18/2001
1935,08/12/2001
1936,03/13/2001
1937,06/11/2004
1938,05/30/2003
1939,06/26/2000
1940,03/28/2003
1941,04/23/2002
1942,01/26/2003
1943,10/26/2003
1944,08/17/2000
1945,08/14/2004
1946,12/10/2003
1947,05/17/2001
1948,01/24/2003
1949,08/28/2001
1950,04/16/2001
1951,03/31/2004
1952,09/02/2002
1953,05/24/2002
1954,10/19/2001
1955,11/18/2002
1956,12/06/2001
1957,11/02/2001
1958,10/14/2003
1959,08/06/2003
1960,09/20/2004
1961,01/06/2004
1962,03/06/2004
1963,02/27/2002
1964,08/17/2001
1965,06/07/2002
1966,09/17/2001
1967,07/22/2001
1968,02/17/2004
1969,04/11/2001
1970,09/14/2003
1971,01/14/2003
1972,12/04/2002
1973,09/11/2003
1974,02/23/2001
1975,12/03/2003
1976,06/19/2001
1977,07/20/2002
1978,10/13/2000
1979,11/06/2001
1980,01/01/2002
1981,02/23/2001
1982,06/10/2001
1983,06/27/2001
1984,03/04/2002
1985,12/26/2000
1986,09/03/2002
1987,06/11/2001
1988,08/14/2001
1989,07/23/2003
1990,02/25/2002
1991,08/02/2000
1992,04/12/2002
1993,04/11/2003
1994,04/01/2001
1995,05/29/2002
1996,11/22/2002
1997,11/30/1999
1998,01/19/2004
1999,08/13/2002
2000,12/21/2000
2001,03/08/2002
2002,02/09/2002
2003,05/06/2004
2004,01/01/2004
2005,12/14/2002
2006,08/01/2001
2007,07/24/2002
2008,12/08/2001
2009,05/16/2002
2010,03/01/2004
2011,06/22/2000
2012,03/11/2003
2013,08/15/2002
2014,08/23/2002
2015,12/03/2002
2016,02/10/2003
2017,12/03/2003
2018,04/04/2004
2019,05/05/2004
2020,07/21/2004
2021,06/30/2003
2022,06/12/2002
2023,06/23/2004
2024,06/08/2004
2025,12/21/2000
2026,04/07/2003
2027,08/23/2002
2028,10/30/1998
2029,02/29/2004
2030,04/21/2003
2031,03/09/2002
2032,12/09/2003
2033,05/12/2002
2034,05/07/2001
2035,11/24/2001
2036,03/31/2001
2037,06/05/2002
2038,01/31/2004
2039,02/22/2003
2040,07/26/2002
2041,11/25/1998
2042,04/04/1998
2043,10/10/2000
2044,09/25/2002
2045,04/10/2001
2046,02/19/2001
2047,01/02/2001
2048,12/09/1999
2049,09/13/2003
2050,11/14/2002
2051,04/03/2003
2052,05/11/2004
2053,07/21/2001
2054,05/18/2001
2055,02/26/2002
2056,10/22/2003
2057,10/10/2002
2058,12/03/2001
2059,10/20/2000
2060,02/04/2000
2061,07/31/2002
2062,09/22/2002
2063,06/12/2003
2064,11/22/2000
2065,02/17/2002
2066,02/19/2003
2067,05/10/2002
2068,10/26/2001
2069,06/19/2003
2070,11/20/2001
2071,12/26/2001
2072,10/22/1999
2073,01/26/2004
2074,02/12/2003
2075,05/05/2003
2076,09/28/2002
2077,04/18/2003
2078,06/04/2002
2079,07/11/2001
2080,08/28/2000
2081,06/25/2004
2082,06/15/2004
2083,08/18/2003
2084,08/28/2003
2085,05/26/2003
2086,06/15/2001
2087,07/01/2001
2088,01/17/2002
2089,07/10/2001
2090,05/24/2001
2091,09/27/2004
2092,06/19/2001
2093,07/30/1999
2094,04/22/2001
2095,01/16/2003
2096,07/06/2003
2097,07/27/2003
2098,12/05/2000
2099,09/29/2003
2100,01/30/2001
2101,05/07/2004
2102,01/20/2001
2103,12/14/2001
2104,08/29/2004
2105,07/31/2002
2106,05/28/2003
2107,02/15/2003
2108,12/26/2002
2109,12/22/2001
2110,04/27/2004
2111,05/06/2003
2112,03/18/2002
2113,04/09/2001
2114,08/09/2004
2115,09/05/2001
2116,05/18/2001
2117,04/25/2002
2118,11/14/2000
2119,07/21/2001
2120,06/01/2000
2121,03/25/2001
2122,12/25/2000
2123,06/24/2000
2124,05/24/2001
2125,05/01/1999
2126,05/05/2001
2127,11/24/2003
2128,03/06/2003
2129,05/25/2000
2130,05/05/1999
2131,05/12/2003
2132,06/02/2002
2133,06/24/2002
2134,11/19/2001
2135,08/15/2003
2136,11/20/1999
2137,07/26/2001
2138,09/19/2003
2139,03/23/2004
2140,06/06/2001
2141,09/25/2001
2142,06/09/2003
2143,03/05/2004
2144,09/17/2001
2145,04/19/2003
2146,09/25/2002
2147,03/12/2002
2148,03/31/2003
2149,09/27/2004
2150,01/01/2003
2151,04/24/2002
2152,05/15/2001
2153,02/24/2004
2154,11/30/2002
2155,10/20/2001
2156,08/06/2002
2157,09/21/2000
2158,06/26/2001
2159,11/03/2001
2160,10/25/2001
2161,02/22/2002
2162,07/01/2004
2163,11/10/2003
2164,09/26/2000
2165,11/02/2000
2166,04/20/2001
2167,01/17/2001
2168,08/25/2004
2169,04/07/2003
2170,04/17/2001
2171,01/19/2003
2172,02/07/2000
2173,10/04/2001
2174,06/01/2001
2175,08/05/2004
2176,04/08/2002
2177,12/13/2000
2178,09/10/2004
2179,12/18/2003
2180,04/28/2001
2181,08/20/2004
2182,09/04/2002
2183,10/30/2002
2184,03/16/2001
2185,06/23/2001
2186,08/30/2003
2187,01/29/2002
2188,06/26/2002
2189,01/10/2001
2190,07/20/2004
2191,10/05/2002
2192,05/03/2003
2193,02/26/2002
2194,09/06/2004
2195,03/18/2002
2196,03/31/2002
2197,11/04/2001
2198,09/20/2001
2199,09/01/2003
2200,09/17/2001
2201,11/03/2003
2202,11/04/2003
2203,09/26/2003
2204,05/23/2002
2205,03/30/2004
2206,01/10/2001
2207,08/11/2000
2208,09/02/2003
2209,05/26/2001
2210,11/26/2000
2211,12/06/2002
2212,02/13/2001
2213,12/23/2003
2214,07/24/2003
2215,05/02/2000
2216,10/16/2003
2217,04/05/2001
2218,02/03/2004
2219,07/30/2001
2220,07/11/2002
2221,08/07/2003
2222,09/27/2001
2223,02/03/2002
2224,07/02/2002
2225,07/05/2004
2226,09/29/2000
2227,06/18/2003
2228,09/06/2002
2229,05/14/2000
2230,12/11/2003
2231,12/29/2002
2232,09/24/2000
2233,06/03/2002
2234,12/10/1999
2235,09/20/2003
2236,08/10/2002
2237,08/29/2002
2238,01/23/2003
2239,11/16/2001
2240,08/12/2002
2241,09/18/2001
2242,08/26/2003
2243,08/29/2002
2244,04/26/2002
2245,02/01/2003
2246,01/30/2001
2247,03/11/2002
2248,05/19/2000
2249,07/02/2002
2250,01/29/2003
2251,09/27/2001
2252,02/16/2002
2253,02/21/2002
2254,05/13/2003
2255,03/29/2003
2256,04/17/2004
2257,03/10/2003
2258,06/20/2003
2259,06/15/2004
2260,03/18/2003
2261,02/05/2002
2262,09/11/2001
2263,10/13/2001
2264,12/28/2001
2265,08/27/2004
2266,04/03/2004
2267,04/30/2003
2268,07/14/2002
2269,11/29/2000
2270,04/02/2001
2271,10/11/2001
2272,02/14/2003
2273,06/10/2002
2274,08/28/2001
2275,01/05/2001
2276,06/20/2002
2277,05/21/2002
2278,01/20/2004
2279,01/21/2002
2280,11/02/2002
2281,12/13/2003
2282,02/13/2004
2283,08/28/2003
2284,02/04/2001
2285,03/17/2004
2286,08/20/1999
2287,01/16/2004
2288,11/17/1999
2289,03/15/2004
2290,05/07/2002
2291,09/14/2001
2292,11/28/2003
2293,10/19/2003
2294,08/07/2004
2295,11/20/2002
2296,10/26/2004
2297,12/04/2003
2298,07/03/2000
2299,11/12/2003
2300,08/28/2003
2301,03/19/2002
2302,06/10/2002
2303,01/08/2001
2304,12/01/2004
2305,03/03/2003
2306,08/17/2001
2307,01/31/2002
2308,03/20/2001
2309,08/24/2002
2310,05/03/2002
2311,09/21/2004
2312,01/13/2002
2313,06/03/2002
2314,10/12/2000
2315,10/21/2004
2316,11/14/2002
2317,07/10/2004
2318,02/18/2000
2319,03/31/2004
2320,07/01/2002
2321,01/16/2004
2322,05/31/2000
2323,08/13/1999
2324,09/06/2003
2325,08/29/2004
2326,03/27/2003
2327,09/15/2003
2328,11/29/1999
2329,02/26/2000
2330,04/01/2000
2331,08/31/2003
2332,10/24/2003
2333,04/06/2004
2334,09/10/2001
2335,02/15/2001
2336,01/08/2001
2337,12/07/2001
2338,04/12/1999
2339,03/16/2003
2340,01/28/2003
2341,11/14/2002
2342,01/01/2002
2343,01/20/2004
2344,11/25/2001
2345,06/01/2000
2346,02/10/2004
2347,12/30/2003
2348,02/18/2001
2349,06/25/2002
2350,04/03/2002
2351,01/04/2003
2352,04/26/2002
2353,04/21/2003
2354,08/10/2002
2355,02/04/2002
2356,03/28/2002
2357,08/02/2000
2358,11/07/2001
2359,08/23/2002
2360,02/04/2003
2361,05/05/2003
2362,12/05/2001
2363,11/04/2000
2364,09/10/2004
2365,01/03/2002
2366,08/13/2002
2367,12/03/2003
2368,02/13/2001
2369,05/01/2004
2370,01/05/2000
2371,12/15/2001
2372,04/16/2002
2373,08/07/2001
2374,05/08/2002
2375,06/18/2003
2376,08/02/2001
2377,07/05/2001
2378,11/05/2002
2379,12/12/2002
2380,08/17/2002
2381,05/17/2003
2382,04/07/2002
2383,05/02/2002
2384,11/09/2001
2385,04/09/2004
2386,04/01/2000
2387,08/12/2001
2388,12/13/2003
2389,18/23/2002


